<?xml version="1.0" encoding="UTF-8" ?>
<!-- This is a WordPress eXtended RSS file generated by WordPress as an export of your site. -->
<!-- It contains information about your site's posts, pages, comments, categories, and other content. -->
<!-- You may use this file to transfer that content from one site to another. -->
<!-- This file is not intended to serve as a complete backup of your site. -->

<!-- To import this information into a WordPress site follow these steps: -->
<!-- 1. Log in to that site as an administrator. -->
<!-- 2. Go to Tools: Import in the WordPress admin panel. -->
<!-- 3. Install the "WordPress" importer from the list. -->
<!-- 4. Activate & Run Importer. -->
<!-- 5. Upload this file using the form provided on that page. -->
<!-- 6. You will first be asked to map the authors in this export file to users -->
<!--    on the site. For each author, you may choose to map to an -->
<!--    existing user on the site or to create a new user. -->
<!-- 7. WordPress will then import each of the posts, pages, comments, categories, etc. -->
<!--    contained in this file into your site. -->

	<!-- generator="WordPress/5.6" created="2021-01-12 17:26" -->
<rss version="2.0"
	xmlns:excerpt="http://wordpress.org/export/1.2/excerpt/"
	xmlns:content="http://purl.org/rss/1.0/modules/content/"
	xmlns:wfw="http://wellformedweb.org/CommentAPI/"
	xmlns:dc="http://purl.org/dc/elements/1.1/"
	xmlns:wp="http://wordpress.org/export/1.2/"
>

<channel>
	<title>TECNIC SA</title>
	<link>http://localhost/pgpi</link>
	<description></description>
	<pubDate>Tue, 12 Jan 2021 17:26:42 +0000</pubDate>
	<language>es</language>
	<wp:wxr_version>1.2</wp:wxr_version>
	<wp:base_site_url>http://localhost/pgpi</wp:base_site_url>
	<wp:base_blog_url>http://localhost/pgpi</wp:base_blog_url>

		<wp:author><wp:author_id>1</wp:author_id><wp:author_login><![CDATA[pedcarmor]]></wp:author_login><wp:author_email><![CDATA[pedcarmor@alum.us.es]]></wp:author_email><wp:author_display_name><![CDATA[pedcarmor]]></wp:author_display_name><wp:author_first_name><![CDATA[Pedro Pablo]]></wp:author_first_name><wp:author_last_name><![CDATA[Carvajal Moreno]]></wp:author_last_name></wp:author>

		<wp:category>
		<wp:term_id>1</wp:term_id>
		<wp:category_nicename><![CDATA[sin-categoria]]></wp:category_nicename>
		<wp:category_parent><![CDATA[]]></wp:category_parent>
		<wp:cat_name><![CDATA[Sin categoría]]></wp:cat_name>
	</wp:category>
				<wp:term>
		<wp:term_id>8</wp:term_id>
		<wp:term_taxonomy><![CDATA[product_visibility]]></wp:term_taxonomy>
		<wp:term_slug><![CDATA[exclude-from-catalog]]></wp:term_slug>
		<wp:term_parent><![CDATA[]]></wp:term_parent>
		<wp:term_name><![CDATA[exclude-from-catalog]]></wp:term_name>
	</wp:term>
		<wp:term>
		<wp:term_id>7</wp:term_id>
		<wp:term_taxonomy><![CDATA[product_visibility]]></wp:term_taxonomy>
		<wp:term_slug><![CDATA[exclude-from-search]]></wp:term_slug>
		<wp:term_parent><![CDATA[]]></wp:term_parent>
		<wp:term_name><![CDATA[exclude-from-search]]></wp:term_name>
	</wp:term>
		<wp:term>
		<wp:term_id>6</wp:term_id>
		<wp:term_taxonomy><![CDATA[product_type]]></wp:term_taxonomy>
		<wp:term_slug><![CDATA[external]]></wp:term_slug>
		<wp:term_parent><![CDATA[]]></wp:term_parent>
		<wp:term_name><![CDATA[external]]></wp:term_name>
	</wp:term>
		<wp:term>
		<wp:term_id>9</wp:term_id>
		<wp:term_taxonomy><![CDATA[product_visibility]]></wp:term_taxonomy>
		<wp:term_slug><![CDATA[featured]]></wp:term_slug>
		<wp:term_parent><![CDATA[]]></wp:term_parent>
		<wp:term_name><![CDATA[featured]]></wp:term_name>
	</wp:term>
		<wp:term>
		<wp:term_id>4</wp:term_id>
		<wp:term_taxonomy><![CDATA[product_type]]></wp:term_taxonomy>
		<wp:term_slug><![CDATA[grouped]]></wp:term_slug>
		<wp:term_parent><![CDATA[]]></wp:term_parent>
		<wp:term_name><![CDATA[grouped]]></wp:term_name>
	</wp:term>
		<wp:term>
		<wp:term_id>10</wp:term_id>
		<wp:term_taxonomy><![CDATA[product_visibility]]></wp:term_taxonomy>
		<wp:term_slug><![CDATA[outofstock]]></wp:term_slug>
		<wp:term_parent><![CDATA[]]></wp:term_parent>
		<wp:term_name><![CDATA[outofstock]]></wp:term_name>
	</wp:term>
		<wp:term>
		<wp:term_id>17</wp:term_id>
		<wp:term_taxonomy><![CDATA[nav_menu]]></wp:term_taxonomy>
		<wp:term_slug><![CDATA[principal]]></wp:term_slug>
		<wp:term_parent><![CDATA[]]></wp:term_parent>
		<wp:term_name><![CDATA[Principal]]></wp:term_name>
	</wp:term>
		<wp:term>
		<wp:term_id>11</wp:term_id>
		<wp:term_taxonomy><![CDATA[product_visibility]]></wp:term_taxonomy>
		<wp:term_slug><![CDATA[rated-1]]></wp:term_slug>
		<wp:term_parent><![CDATA[]]></wp:term_parent>
		<wp:term_name><![CDATA[rated-1]]></wp:term_name>
	</wp:term>
		<wp:term>
		<wp:term_id>12</wp:term_id>
		<wp:term_taxonomy><![CDATA[product_visibility]]></wp:term_taxonomy>
		<wp:term_slug><![CDATA[rated-2]]></wp:term_slug>
		<wp:term_parent><![CDATA[]]></wp:term_parent>
		<wp:term_name><![CDATA[rated-2]]></wp:term_name>
	</wp:term>
		<wp:term>
		<wp:term_id>13</wp:term_id>
		<wp:term_taxonomy><![CDATA[product_visibility]]></wp:term_taxonomy>
		<wp:term_slug><![CDATA[rated-3]]></wp:term_slug>
		<wp:term_parent><![CDATA[]]></wp:term_parent>
		<wp:term_name><![CDATA[rated-3]]></wp:term_name>
	</wp:term>
		<wp:term>
		<wp:term_id>14</wp:term_id>
		<wp:term_taxonomy><![CDATA[product_visibility]]></wp:term_taxonomy>
		<wp:term_slug><![CDATA[rated-4]]></wp:term_slug>
		<wp:term_parent><![CDATA[]]></wp:term_parent>
		<wp:term_name><![CDATA[rated-4]]></wp:term_name>
	</wp:term>
		<wp:term>
		<wp:term_id>15</wp:term_id>
		<wp:term_taxonomy><![CDATA[product_visibility]]></wp:term_taxonomy>
		<wp:term_slug><![CDATA[rated-5]]></wp:term_slug>
		<wp:term_parent><![CDATA[]]></wp:term_parent>
		<wp:term_name><![CDATA[rated-5]]></wp:term_name>
	</wp:term>
		<wp:term>
		<wp:term_id>3</wp:term_id>
		<wp:term_taxonomy><![CDATA[product_type]]></wp:term_taxonomy>
		<wp:term_slug><![CDATA[simple]]></wp:term_slug>
		<wp:term_parent><![CDATA[]]></wp:term_parent>
		<wp:term_name><![CDATA[simple]]></wp:term_name>
	</wp:term>
		<wp:term>
		<wp:term_id>1</wp:term_id>
		<wp:term_taxonomy><![CDATA[category]]></wp:term_taxonomy>
		<wp:term_slug><![CDATA[sin-categoria]]></wp:term_slug>
		<wp:term_parent><![CDATA[]]></wp:term_parent>
		<wp:term_name><![CDATA[Sin categoría]]></wp:term_name>
	</wp:term>
		<wp:term>
		<wp:term_id>16</wp:term_id>
		<wp:term_taxonomy><![CDATA[product_cat]]></wp:term_taxonomy>
		<wp:term_slug><![CDATA[sin-categorizar]]></wp:term_slug>
		<wp:term_parent><![CDATA[]]></wp:term_parent>
		<wp:term_name><![CDATA[Sin categorizar]]></wp:term_name>
	</wp:term>
		<wp:term>
		<wp:term_id>5</wp:term_id>
		<wp:term_taxonomy><![CDATA[product_type]]></wp:term_taxonomy>
		<wp:term_slug><![CDATA[variable]]></wp:term_slug>
		<wp:term_parent><![CDATA[]]></wp:term_parent>
		<wp:term_name><![CDATA[variable]]></wp:term_name>
	</wp:term>
			<wp:term><wp:term_id>17</wp:term_id><wp:term_taxonomy>nav_menu</wp:term_taxonomy><wp:term_slug><![CDATA[principal]]></wp:term_slug><wp:term_name><![CDATA[Principal]]></wp:term_name>
</wp:term>

	<generator>https://wordpress.org/?v=5.6</generator>

		<item>
		<title>Página principal de TECNIC</title>
		<link>http://localhost/pgpi/2021/01/07/hola-mundo/</link>
		<pubDate>Thu, 07 Jan 2021 11:43:59 +0000</pubDate>
		<dc:creator><![CDATA[pedcarmor]]></dc:creator>
		<guid isPermaLink="false">http://localhost/pgpi/?p=1</guid>
		<description></description>
		<content:encoded><![CDATA[<!-- wp:paragraph -->
<p>Realiza tus reservas online a través de nuestra página</p>
<!-- /wp:paragraph -->]]></content:encoded>
		<excerpt:encoded><![CDATA[]]></excerpt:encoded>
		<wp:post_id>1</wp:post_id>
		<wp:post_date><![CDATA[2021-01-07 11:43:59]]></wp:post_date>
		<wp:post_date_gmt><![CDATA[2021-01-07 11:43:59]]></wp:post_date_gmt>
		<wp:comment_status><![CDATA[open]]></wp:comment_status>
		<wp:ping_status><![CDATA[open]]></wp:ping_status>
		<wp:post_name><![CDATA[hola-mundo]]></wp:post_name>
		<wp:status><![CDATA[publish]]></wp:status>
		<wp:post_parent>0</wp:post_parent>
		<wp:menu_order>0</wp:menu_order>
		<wp:post_type><![CDATA[post]]></wp:post_type>
		<wp:post_password><![CDATA[]]></wp:post_password>
		<wp:is_sticky>0</wp:is_sticky>
										<category domain="category" nicename="sin-categoria"><![CDATA[Sin categoría]]></category>
						<wp:postmeta>
		<wp:meta_key><![CDATA[_um_core]]></wp:meta_key>
		<wp:meta_value><![CDATA[pages_settings]]></wp:meta_value>
		</wp:postmeta>
							<wp:comment>
			<wp:comment_id>1</wp:comment_id>
			<wp:comment_author><![CDATA[Un comentarista de WordPress]]></wp:comment_author>
			<wp:comment_author_email><![CDATA[wapuu@wordpress.example]]></wp:comment_author_email>
			<wp:comment_author_url>https://wordpress.org/</wp:comment_author_url>
			<wp:comment_author_IP><![CDATA[]]></wp:comment_author_IP>
			<wp:comment_date><![CDATA[2021-01-07 11:43:59]]></wp:comment_date>
			<wp:comment_date_gmt><![CDATA[2021-01-07 11:43:59]]></wp:comment_date_gmt>
			<wp:comment_content><![CDATA[Hola, esto es un comentario.
Para empezar a moderar, editar y borrar comentarios, por favor, visita la pantalla de comentarios en el escritorio.
Los avatares de los comentaristas provienen de <a href="https://gravatar.com">Gravatar</a>.]]></wp:comment_content>
			<wp:comment_approved><![CDATA[trash]]></wp:comment_approved>
			<wp:comment_type><![CDATA[comment]]></wp:comment_type>
			<wp:comment_parent>0</wp:comment_parent>
			<wp:comment_user_id>0</wp:comment_user_id>
						<wp:commentmeta>
	<wp:meta_key><![CDATA[_wp_trash_meta_status]]></wp:meta_key>
			<wp:meta_value><![CDATA[1]]></wp:meta_value>
			</wp:commentmeta>
						<wp:commentmeta>
	<wp:meta_key><![CDATA[_wp_trash_meta_time]]></wp:meta_key>
			<wp:meta_value><![CDATA[1610045858]]></wp:meta_value>
			</wp:commentmeta>
							</wp:comment>
					</item>
					<item>
		<title>Inicio</title>
		<link>http://localhost/pgpi/</link>
		<pubDate>Thu, 07 Jan 2021 11:43:59 +0000</pubDate>
		<dc:creator><![CDATA[pedcarmor]]></dc:creator>
		<guid isPermaLink="false">http://localhost/pgpi/?page_id=2</guid>
		<description></description>
		<content:encoded><![CDATA[]]></content:encoded>
		<excerpt:encoded><![CDATA[]]></excerpt:encoded>
		<wp:post_id>2</wp:post_id>
		<wp:post_date><![CDATA[2021-01-07 11:43:59]]></wp:post_date>
		<wp:post_date_gmt><![CDATA[2021-01-07 11:43:59]]></wp:post_date_gmt>
		<wp:comment_status><![CDATA[closed]]></wp:comment_status>
		<wp:ping_status><![CDATA[closed]]></wp:ping_status>
		<wp:post_name><![CDATA[inicio]]></wp:post_name>
		<wp:status><![CDATA[publish]]></wp:status>
		<wp:post_parent>0</wp:post_parent>
		<wp:menu_order>0</wp:menu_order>
		<wp:post_type><![CDATA[page]]></wp:post_type>
		<wp:post_password><![CDATA[]]></wp:post_password>
		<wp:is_sticky>0</wp:is_sticky>
														<wp:postmeta>
		<wp:meta_key><![CDATA[_wp_page_template]]></wp:meta_key>
		<wp:meta_value><![CDATA[default]]></wp:meta_value>
		</wp:postmeta>
							<wp:postmeta>
		<wp:meta_key><![CDATA[_edit_last]]></wp:meta_key>
		<wp:meta_value><![CDATA[1]]></wp:meta_value>
		</wp:postmeta>
							<wp:postmeta>
		<wp:meta_key><![CDATA[_wp_page_template]]></wp:meta_key>
		<wp:meta_value><![CDATA[default]]></wp:meta_value>
		</wp:postmeta>
							<wp:postmeta>
		<wp:meta_key><![CDATA[_edit_last]]></wp:meta_key>
		<wp:meta_value><![CDATA[1]]></wp:meta_value>
		</wp:postmeta>
							</item>
					<item>
		<title>Reserva de citas</title>
		<link>http://localhost/pgpi/reservar-citas/</link>
		<pubDate>Thu, 07 Jan 2021 11:51:52 +0000</pubDate>
		<dc:creator><![CDATA[pedcarmor]]></dc:creator>
		<guid isPermaLink="false">http://localhost/pgpi/?page_id=10</guid>
		<description></description>
		<content:encoded><![CDATA[<!-- wp:columns -->
<div class="wp-block-columns"><!-- wp:column {"width":"100%"} -->
<div class="wp-block-column" style="flex-basis:100%"><!-- wp:group -->
<div class="wp-block-group"><div class="wp-block-group__inner-container"><!-- wp:booking/booking {"wpbc_shortcode":"[booking]"} -->
<div class="wp-block-booking-booking">[booking]</div>
<!-- /wp:booking/booking --></div></div>
<!-- /wp:group --></div>
<!-- /wp:column --></div>
<!-- /wp:columns -->

<!-- wp:paragraph -->
<p></p>
<!-- /wp:paragraph -->]]></content:encoded>
		<excerpt:encoded><![CDATA[]]></excerpt:encoded>
		<wp:post_id>10</wp:post_id>
		<wp:post_date><![CDATA[2021-01-07 11:51:52]]></wp:post_date>
		<wp:post_date_gmt><![CDATA[2021-01-07 11:51:52]]></wp:post_date_gmt>
		<wp:comment_status><![CDATA[closed]]></wp:comment_status>
		<wp:ping_status><![CDATA[closed]]></wp:ping_status>
		<wp:post_name><![CDATA[reservar-citas]]></wp:post_name>
		<wp:status><![CDATA[publish]]></wp:status>
		<wp:post_parent>0</wp:post_parent>
		<wp:menu_order>0</wp:menu_order>
		<wp:post_type><![CDATA[page]]></wp:post_type>
		<wp:post_password><![CDATA[]]></wp:post_password>
		<wp:is_sticky>0</wp:is_sticky>
														<wp:postmeta>
		<wp:meta_key><![CDATA[_edit_last]]></wp:meta_key>
		<wp:meta_value><![CDATA[1]]></wp:meta_value>
		</wp:postmeta>
							<wp:postmeta>
		<wp:meta_key><![CDATA[_edit_last]]></wp:meta_key>
		<wp:meta_value><![CDATA[1]]></wp:meta_value>
		</wp:postmeta>
							</item>
					<item>
		<title>Mi perfil</title>
		<link>http://localhost/pgpi/mi-perfil/</link>
		<pubDate>Thu, 07 Jan 2021 16:17:03 +0000</pubDate>
		<dc:creator><![CDATA[pedcarmor]]></dc:creator>
		<guid isPermaLink="false">http://localhost/pgpi/my-account/</guid>
		<description></description>
		<content:encoded><![CDATA[<p>[user_registration_my_account]</p>

<!-- wp:paragraph {"fontSize":"large"} -->
<p class="has-large-font-size"><strong>Mis reservas</strong></p>
<!-- /wp:paragraph -->

<!-- wp:booking/booking {"wpbc_shortcode":"[bookingcalendar]"} -->
<div class="wp-block-booking-booking">[bookingcalendar]</div>
<!-- /wp:booking/booking -->

<!-- wp:preformatted -->
<pre class="wp-block-preformatted"></pre>
<!-- /wp:preformatted -->

<!-- wp:shortcode -->
[plugin_delete_me /]
<!-- /wp:shortcode -->]]></content:encoded>
		<excerpt:encoded><![CDATA[]]></excerpt:encoded>
		<wp:post_id>30</wp:post_id>
		<wp:post_date><![CDATA[2021-01-07 16:17:03]]></wp:post_date>
		<wp:post_date_gmt><![CDATA[2021-01-07 16:17:03]]></wp:post_date_gmt>
		<wp:comment_status><![CDATA[closed]]></wp:comment_status>
		<wp:ping_status><![CDATA[closed]]></wp:ping_status>
		<wp:post_name><![CDATA[mi-perfil]]></wp:post_name>
		<wp:status><![CDATA[publish]]></wp:status>
		<wp:post_parent>0</wp:post_parent>
		<wp:menu_order>0</wp:menu_order>
		<wp:post_type><![CDATA[page]]></wp:post_type>
		<wp:post_password><![CDATA[]]></wp:post_password>
		<wp:is_sticky>0</wp:is_sticky>
														<wp:postmeta>
		<wp:meta_key><![CDATA[_edit_last]]></wp:meta_key>
		<wp:meta_value><![CDATA[1]]></wp:meta_value>
		</wp:postmeta>
							<wp:postmeta>
		<wp:meta_key><![CDATA[_edit_last]]></wp:meta_key>
		<wp:meta_value><![CDATA[1]]></wp:meta_value>
		</wp:postmeta>
							</item>
					<item>
		<title>Registrarse</title>
		<link>http://localhost/pgpi/registration/</link>
		<pubDate>Thu, 07 Jan 2021 16:17:06 +0000</pubDate>
		<dc:creator><![CDATA[pedcarmor]]></dc:creator>
		<guid isPermaLink="false">http://localhost/pgpi/registration/</guid>
		<description></description>
		<content:encoded><![CDATA[[user_registration_form id="29"]]]></content:encoded>
		<excerpt:encoded><![CDATA[]]></excerpt:encoded>
		<wp:post_id>32</wp:post_id>
		<wp:post_date><![CDATA[2021-01-07 16:17:06]]></wp:post_date>
		<wp:post_date_gmt><![CDATA[2021-01-07 16:17:06]]></wp:post_date_gmt>
		<wp:comment_status><![CDATA[closed]]></wp:comment_status>
		<wp:ping_status><![CDATA[closed]]></wp:ping_status>
		<wp:post_name><![CDATA[registration]]></wp:post_name>
		<wp:status><![CDATA[publish]]></wp:status>
		<wp:post_parent>0</wp:post_parent>
		<wp:menu_order>0</wp:menu_order>
		<wp:post_type><![CDATA[page]]></wp:post_type>
		<wp:post_password><![CDATA[]]></wp:post_password>
		<wp:is_sticky>0</wp:is_sticky>
														<wp:postmeta>
		<wp:meta_key><![CDATA[_edit_last]]></wp:meta_key>
		<wp:meta_value><![CDATA[1]]></wp:meta_value>
		</wp:postmeta>
							<wp:postmeta>
		<wp:meta_key><![CDATA[_edit_last]]></wp:meta_key>
		<wp:meta_value><![CDATA[1]]></wp:meta_value>
		</wp:postmeta>
							</item>
					<item>
		<title>woocommerce-placeholder</title>
		<link>http://localhost/pgpi/woocommerce-placeholder/</link>
		<pubDate>Thu, 07 Jan 2021 18:09:53 +0000</pubDate>
		<dc:creator><![CDATA[pedcarmor]]></dc:creator>
		<guid isPermaLink="false">http://localhost/pgpi/wp-content/uploads/2021/01/woocommerce-placeholder.png</guid>
		<description></description>
		<content:encoded><![CDATA[]]></content:encoded>
		<excerpt:encoded><![CDATA[]]></excerpt:encoded>
		<wp:post_id>52</wp:post_id>
		<wp:post_date><![CDATA[2021-01-07 18:09:53]]></wp:post_date>
		<wp:post_date_gmt><![CDATA[2021-01-07 18:09:53]]></wp:post_date_gmt>
		<wp:comment_status><![CDATA[open]]></wp:comment_status>
		<wp:ping_status><![CDATA[closed]]></wp:ping_status>
		<wp:post_name><![CDATA[woocommerce-placeholder]]></wp:post_name>
		<wp:status><![CDATA[inherit]]></wp:status>
		<wp:post_parent>0</wp:post_parent>
		<wp:menu_order>0</wp:menu_order>
		<wp:post_type><![CDATA[attachment]]></wp:post_type>
		<wp:post_password><![CDATA[]]></wp:post_password>
		<wp:is_sticky>0</wp:is_sticky>
						<wp:attachment_url><![CDATA[http://localhost/pgpi/wp-content/uploads/woocommerce-placeholder.png]]></wp:attachment_url>
											<wp:postmeta>
		<wp:meta_key><![CDATA[_wp_attached_file]]></wp:meta_key>
		<wp:meta_value><![CDATA[woocommerce-placeholder.png]]></wp:meta_value>
		</wp:postmeta>
							<wp:postmeta>
		<wp:meta_key><![CDATA[_wp_attachment_metadata]]></wp:meta_key>
		<wp:meta_value><![CDATA[a:5:{s:5:"width";i:1200;s:6:"height";i:1200;s:4:"file";s:27:"woocommerce-placeholder.png";s:5:"sizes";a:0:{}s:10:"image_meta";a:12:{s:8:"aperture";s:1:"0";s:6:"credit";s:0:"";s:6:"camera";s:0:"";s:7:"caption";s:0:"";s:17:"created_timestamp";s:1:"0";s:9:"copyright";s:0:"";s:12:"focal_length";s:1:"0";s:3:"iso";s:1:"0";s:13:"shutter_speed";s:1:"0";s:5:"title";s:0:"";s:11:"orientation";s:1:"0";s:8:"keywords";a:0:{}}}]]></wp:meta_value>
		</wp:postmeta>
							</item>
					<item>
		<title></title>
		<link>http://localhost/pgpi/2021/01/12/85/</link>
		<pubDate>Tue, 12 Jan 2021 11:44:52 +0000</pubDate>
		<dc:creator><![CDATA[pedcarmor]]></dc:creator>
		<guid isPermaLink="false">http://localhost/pgpi/?p=85</guid>
		<description></description>
		<content:encoded><![CDATA[ ]]></content:encoded>
		<excerpt:encoded><![CDATA[]]></excerpt:encoded>
		<wp:post_id>85</wp:post_id>
		<wp:post_date><![CDATA[2021-01-12 11:44:52]]></wp:post_date>
		<wp:post_date_gmt><![CDATA[2021-01-12 11:44:52]]></wp:post_date_gmt>
		<wp:comment_status><![CDATA[closed]]></wp:comment_status>
		<wp:ping_status><![CDATA[closed]]></wp:ping_status>
		<wp:post_name><![CDATA[85]]></wp:post_name>
		<wp:status><![CDATA[publish]]></wp:status>
		<wp:post_parent>0</wp:post_parent>
		<wp:menu_order>1</wp:menu_order>
		<wp:post_type><![CDATA[nav_menu_item]]></wp:post_type>
		<wp:post_password><![CDATA[]]></wp:post_password>
		<wp:is_sticky>0</wp:is_sticky>
										<category domain="nav_menu" nicename="principal"><![CDATA[Principal]]></category>
						<wp:postmeta>
		<wp:meta_key><![CDATA[_menu_item_type]]></wp:meta_key>
		<wp:meta_value><![CDATA[post_type]]></wp:meta_value>
		</wp:postmeta>
							<wp:postmeta>
		<wp:meta_key><![CDATA[_menu_item_menu_item_parent]]></wp:meta_key>
		<wp:meta_value><![CDATA[0]]></wp:meta_value>
		</wp:postmeta>
							<wp:postmeta>
		<wp:meta_key><![CDATA[_menu_item_object_id]]></wp:meta_key>
		<wp:meta_value><![CDATA[2]]></wp:meta_value>
		</wp:postmeta>
							<wp:postmeta>
		<wp:meta_key><![CDATA[_menu_item_object]]></wp:meta_key>
		<wp:meta_value><![CDATA[page]]></wp:meta_value>
		</wp:postmeta>
							<wp:postmeta>
		<wp:meta_key><![CDATA[_menu_item_target]]></wp:meta_key>
		<wp:meta_value><![CDATA[]]></wp:meta_value>
		</wp:postmeta>
							<wp:postmeta>
		<wp:meta_key><![CDATA[_menu_item_classes]]></wp:meta_key>
		<wp:meta_value><![CDATA[a:1:{i:0;s:0:"";}]]></wp:meta_value>
		</wp:postmeta>
							<wp:postmeta>
		<wp:meta_key><![CDATA[_menu_item_xfn]]></wp:meta_key>
		<wp:meta_value><![CDATA[]]></wp:meta_value>
		</wp:postmeta>
							<wp:postmeta>
		<wp:meta_key><![CDATA[_menu_item_url]]></wp:meta_key>
		<wp:meta_value><![CDATA[]]></wp:meta_value>
		</wp:postmeta>
							<wp:postmeta>
		<wp:meta_key><![CDATA[_jp_nav_item_options]]></wp:meta_key>
		<wp:meta_value><![CDATA[a:3:{s:11:"avatar_size";s:2:"24";s:13:"redirect_type";s:7:"current";s:7:"can_see";s:3:"yes";}]]></wp:meta_value>
		</wp:postmeta>
							</item>
					<item>
		<title>Usuario</title>
		<link>http://localhost/pgpi/user/</link>
		<pubDate>Tue, 12 Jan 2021 11:50:43 +0000</pubDate>
		<dc:creator><![CDATA[pedcarmor]]></dc:creator>
		<guid isPermaLink="false">http://localhost/pgpi/user/</guid>
		<description></description>
		<content:encoded><![CDATA[[ultimatemember form_id="89"]]]></content:encoded>
		<excerpt:encoded><![CDATA[]]></excerpt:encoded>
		<wp:post_id>91</wp:post_id>
		<wp:post_date><![CDATA[2021-01-12 11:50:43]]></wp:post_date>
		<wp:post_date_gmt><![CDATA[2021-01-12 11:50:43]]></wp:post_date_gmt>
		<wp:comment_status><![CDATA[closed]]></wp:comment_status>
		<wp:ping_status><![CDATA[closed]]></wp:ping_status>
		<wp:post_name><![CDATA[user]]></wp:post_name>
		<wp:status><![CDATA[publish]]></wp:status>
		<wp:post_parent>0</wp:post_parent>
		<wp:menu_order>0</wp:menu_order>
		<wp:post_type><![CDATA[page]]></wp:post_type>
		<wp:post_password><![CDATA[]]></wp:post_password>
		<wp:is_sticky>0</wp:is_sticky>
														<wp:postmeta>
		<wp:meta_key><![CDATA[_um_core]]></wp:meta_key>
		<wp:meta_value><![CDATA[user]]></wp:meta_value>
		</wp:postmeta>
							</item>
					<item>
		<title>Iniciar sesión</title>
		<link>http://localhost/pgpi/login/</link>
		<pubDate>Tue, 12 Jan 2021 11:50:43 +0000</pubDate>
		<dc:creator><![CDATA[pedcarmor]]></dc:creator>
		<guid isPermaLink="false">http://localhost/pgpi/login/</guid>
		<description></description>
		<content:encoded><![CDATA[[ultimatemember form_id="88"]]]></content:encoded>
		<excerpt:encoded><![CDATA[]]></excerpt:encoded>
		<wp:post_id>92</wp:post_id>
		<wp:post_date><![CDATA[2021-01-12 11:50:43]]></wp:post_date>
		<wp:post_date_gmt><![CDATA[2021-01-12 11:50:43]]></wp:post_date_gmt>
		<wp:comment_status><![CDATA[closed]]></wp:comment_status>
		<wp:ping_status><![CDATA[closed]]></wp:ping_status>
		<wp:post_name><![CDATA[login]]></wp:post_name>
		<wp:status><![CDATA[publish]]></wp:status>
		<wp:post_parent>0</wp:post_parent>
		<wp:menu_order>0</wp:menu_order>
		<wp:post_type><![CDATA[page]]></wp:post_type>
		<wp:post_password><![CDATA[]]></wp:post_password>
		<wp:is_sticky>0</wp:is_sticky>
														<wp:postmeta>
		<wp:meta_key><![CDATA[_um_core]]></wp:meta_key>
		<wp:meta_value><![CDATA[login]]></wp:meta_value>
		</wp:postmeta>
							</item>
					<item>
		<title>Registro</title>
		<link>http://localhost/pgpi/register/</link>
		<pubDate>Tue, 12 Jan 2021 11:50:44 +0000</pubDate>
		<dc:creator><![CDATA[pedcarmor]]></dc:creator>
		<guid isPermaLink="false">http://localhost/pgpi/register/</guid>
		<description></description>
		<content:encoded><![CDATA[[ultimatemember form_id="87"]]]></content:encoded>
		<excerpt:encoded><![CDATA[]]></excerpt:encoded>
		<wp:post_id>93</wp:post_id>
		<wp:post_date><![CDATA[2021-01-12 11:50:44]]></wp:post_date>
		<wp:post_date_gmt><![CDATA[2021-01-12 11:50:44]]></wp:post_date_gmt>
		<wp:comment_status><![CDATA[closed]]></wp:comment_status>
		<wp:ping_status><![CDATA[closed]]></wp:ping_status>
		<wp:post_name><![CDATA[register]]></wp:post_name>
		<wp:status><![CDATA[publish]]></wp:status>
		<wp:post_parent>0</wp:post_parent>
		<wp:menu_order>0</wp:menu_order>
		<wp:post_type><![CDATA[page]]></wp:post_type>
		<wp:post_password><![CDATA[]]></wp:post_password>
		<wp:is_sticky>0</wp:is_sticky>
														<wp:postmeta>
		<wp:meta_key><![CDATA[_um_core]]></wp:meta_key>
		<wp:meta_value><![CDATA[register]]></wp:meta_value>
		</wp:postmeta>
							</item>
					<item>
		<title>Miembros</title>
		<link>http://localhost/pgpi/members/</link>
		<pubDate>Tue, 12 Jan 2021 11:50:44 +0000</pubDate>
		<dc:creator><![CDATA[pedcarmor]]></dc:creator>
		<guid isPermaLink="false">http://localhost/pgpi/members/</guid>
		<description></description>
		<content:encoded><![CDATA[[ultimatemember form_id="90"]]]></content:encoded>
		<excerpt:encoded><![CDATA[]]></excerpt:encoded>
		<wp:post_id>94</wp:post_id>
		<wp:post_date><![CDATA[2021-01-12 11:50:44]]></wp:post_date>
		<wp:post_date_gmt><![CDATA[2021-01-12 11:50:44]]></wp:post_date_gmt>
		<wp:comment_status><![CDATA[closed]]></wp:comment_status>
		<wp:ping_status><![CDATA[closed]]></wp:ping_status>
		<wp:post_name><![CDATA[members]]></wp:post_name>
		<wp:status><![CDATA[publish]]></wp:status>
		<wp:post_parent>0</wp:post_parent>
		<wp:menu_order>0</wp:menu_order>
		<wp:post_type><![CDATA[page]]></wp:post_type>
		<wp:post_password><![CDATA[]]></wp:post_password>
		<wp:is_sticky>0</wp:is_sticky>
														<wp:postmeta>
		<wp:meta_key><![CDATA[_um_core]]></wp:meta_key>
		<wp:meta_value><![CDATA[members]]></wp:meta_value>
		</wp:postmeta>
							</item>
					<item>
		<title>Salir</title>
		<link>http://localhost/pgpi/logout/</link>
		<pubDate>Tue, 12 Jan 2021 11:50:44 +0000</pubDate>
		<dc:creator><![CDATA[pedcarmor]]></dc:creator>
		<guid isPermaLink="false">http://localhost/pgpi/logout/</guid>
		<description></description>
		<content:encoded><![CDATA[]]></content:encoded>
		<excerpt:encoded><![CDATA[]]></excerpt:encoded>
		<wp:post_id>95</wp:post_id>
		<wp:post_date><![CDATA[2021-01-12 11:50:44]]></wp:post_date>
		<wp:post_date_gmt><![CDATA[2021-01-12 11:50:44]]></wp:post_date_gmt>
		<wp:comment_status><![CDATA[closed]]></wp:comment_status>
		<wp:ping_status><![CDATA[closed]]></wp:ping_status>
		<wp:post_name><![CDATA[logout]]></wp:post_name>
		<wp:status><![CDATA[publish]]></wp:status>
		<wp:post_parent>0</wp:post_parent>
		<wp:menu_order>0</wp:menu_order>
		<wp:post_type><![CDATA[page]]></wp:post_type>
		<wp:post_password><![CDATA[]]></wp:post_password>
		<wp:is_sticky>0</wp:is_sticky>
														<wp:postmeta>
		<wp:meta_key><![CDATA[_um_core]]></wp:meta_key>
		<wp:meta_value><![CDATA[logout]]></wp:meta_value>
		</wp:postmeta>
							</item>
					<item>
		<title>Cuenta</title>
		<link>http://localhost/pgpi/account/</link>
		<pubDate>Tue, 12 Jan 2021 11:50:45 +0000</pubDate>
		<dc:creator><![CDATA[pedcarmor]]></dc:creator>
		<guid isPermaLink="false">http://localhost/pgpi/account/</guid>
		<description></description>
		<content:encoded><![CDATA[[ultimatemember_account]]]></content:encoded>
		<excerpt:encoded><![CDATA[]]></excerpt:encoded>
		<wp:post_id>96</wp:post_id>
		<wp:post_date><![CDATA[2021-01-12 11:50:45]]></wp:post_date>
		<wp:post_date_gmt><![CDATA[2021-01-12 11:50:45]]></wp:post_date_gmt>
		<wp:comment_status><![CDATA[closed]]></wp:comment_status>
		<wp:ping_status><![CDATA[closed]]></wp:ping_status>
		<wp:post_name><![CDATA[account]]></wp:post_name>
		<wp:status><![CDATA[publish]]></wp:status>
		<wp:post_parent>0</wp:post_parent>
		<wp:menu_order>0</wp:menu_order>
		<wp:post_type><![CDATA[page]]></wp:post_type>
		<wp:post_password><![CDATA[]]></wp:post_password>
		<wp:is_sticky>0</wp:is_sticky>
														<wp:postmeta>
		<wp:meta_key><![CDATA[_um_core]]></wp:meta_key>
		<wp:meta_value><![CDATA[account]]></wp:meta_value>
		</wp:postmeta>
							</item>
					<item>
		<title>Restablecer la contraseña</title>
		<link>http://localhost/pgpi/password-reset/</link>
		<pubDate>Tue, 12 Jan 2021 11:50:45 +0000</pubDate>
		<dc:creator><![CDATA[pedcarmor]]></dc:creator>
		<guid isPermaLink="false">http://localhost/pgpi/password-reset/</guid>
		<description></description>
		<content:encoded><![CDATA[[ultimatemember_password]]]></content:encoded>
		<excerpt:encoded><![CDATA[]]></excerpt:encoded>
		<wp:post_id>97</wp:post_id>
		<wp:post_date><![CDATA[2021-01-12 11:50:45]]></wp:post_date>
		<wp:post_date_gmt><![CDATA[2021-01-12 11:50:45]]></wp:post_date_gmt>
		<wp:comment_status><![CDATA[closed]]></wp:comment_status>
		<wp:ping_status><![CDATA[closed]]></wp:ping_status>
		<wp:post_name><![CDATA[password-reset]]></wp:post_name>
		<wp:status><![CDATA[publish]]></wp:status>
		<wp:post_parent>0</wp:post_parent>
		<wp:menu_order>0</wp:menu_order>
		<wp:post_type><![CDATA[page]]></wp:post_type>
		<wp:post_password><![CDATA[]]></wp:post_password>
		<wp:is_sticky>0</wp:is_sticky>
														<wp:postmeta>
		<wp:meta_key><![CDATA[_um_core]]></wp:meta_key>
		<wp:meta_value><![CDATA[password-reset]]></wp:meta_value>
		</wp:postmeta>
							</item>
					<item>
		<title></title>
		<link>http://localhost/pgpi/2021/01/12/98/</link>
		<pubDate>Tue, 12 Jan 2021 11:58:20 +0000</pubDate>
		<dc:creator><![CDATA[pedcarmor]]></dc:creator>
		<guid isPermaLink="false">http://localhost/pgpi/?p=98</guid>
		<description></description>
		<content:encoded><![CDATA[ ]]></content:encoded>
		<excerpt:encoded><![CDATA[]]></excerpt:encoded>
		<wp:post_id>98</wp:post_id>
		<wp:post_date><![CDATA[2021-01-12 11:58:20]]></wp:post_date>
		<wp:post_date_gmt><![CDATA[2021-01-12 11:58:20]]></wp:post_date_gmt>
		<wp:comment_status><![CDATA[closed]]></wp:comment_status>
		<wp:ping_status><![CDATA[closed]]></wp:ping_status>
		<wp:post_name><![CDATA[98]]></wp:post_name>
		<wp:status><![CDATA[publish]]></wp:status>
		<wp:post_parent>0</wp:post_parent>
		<wp:menu_order>2</wp:menu_order>
		<wp:post_type><![CDATA[nav_menu_item]]></wp:post_type>
		<wp:post_password><![CDATA[]]></wp:post_password>
		<wp:is_sticky>0</wp:is_sticky>
										<category domain="nav_menu" nicename="principal"><![CDATA[Principal]]></category>
						<wp:postmeta>
		<wp:meta_key><![CDATA[_menu_item_type]]></wp:meta_key>
		<wp:meta_value><![CDATA[post_type]]></wp:meta_value>
		</wp:postmeta>
							<wp:postmeta>
		<wp:meta_key><![CDATA[_menu_item_menu_item_parent]]></wp:meta_key>
		<wp:meta_value><![CDATA[0]]></wp:meta_value>
		</wp:postmeta>
							<wp:postmeta>
		<wp:meta_key><![CDATA[_menu_item_object_id]]></wp:meta_key>
		<wp:meta_value><![CDATA[92]]></wp:meta_value>
		</wp:postmeta>
							<wp:postmeta>
		<wp:meta_key><![CDATA[_menu_item_object]]></wp:meta_key>
		<wp:meta_value><![CDATA[page]]></wp:meta_value>
		</wp:postmeta>
							<wp:postmeta>
		<wp:meta_key><![CDATA[_menu_item_target]]></wp:meta_key>
		<wp:meta_value><![CDATA[]]></wp:meta_value>
		</wp:postmeta>
							<wp:postmeta>
		<wp:meta_key><![CDATA[_menu_item_classes]]></wp:meta_key>
		<wp:meta_value><![CDATA[a:1:{i:0;s:0:"";}]]></wp:meta_value>
		</wp:postmeta>
							<wp:postmeta>
		<wp:meta_key><![CDATA[_menu_item_xfn]]></wp:meta_key>
		<wp:meta_value><![CDATA[]]></wp:meta_value>
		</wp:postmeta>
							<wp:postmeta>
		<wp:meta_key><![CDATA[_menu_item_url]]></wp:meta_key>
		<wp:meta_value><![CDATA[]]></wp:meta_value>
		</wp:postmeta>
							<wp:postmeta>
		<wp:meta_key><![CDATA[_jp_nav_item_options]]></wp:meta_key>
		<wp:meta_value><![CDATA[a:4:{s:11:"avatar_size";s:2:"24";s:13:"redirect_type";s:7:"current";s:11:"which_users";s:10:"logged_out";s:7:"can_see";s:3:"yes";}]]></wp:meta_value>
		</wp:postmeta>
							</item>
					<item>
		<title>Hola, {username}</title>
		<link>http://localhost/pgpi/2021/01/12/100/</link>
		<pubDate>Tue, 12 Jan 2021 11:58:21 +0000</pubDate>
		<dc:creator><![CDATA[pedcarmor]]></dc:creator>
		<guid isPermaLink="false">http://localhost/pgpi/?p=100</guid>
		<description></description>
		<content:encoded><![CDATA[]]></content:encoded>
		<excerpt:encoded><![CDATA[]]></excerpt:encoded>
		<wp:post_id>100</wp:post_id>
		<wp:post_date><![CDATA[2021-01-12 11:58:21]]></wp:post_date>
		<wp:post_date_gmt><![CDATA[2021-01-12 11:58:21]]></wp:post_date_gmt>
		<wp:comment_status><![CDATA[closed]]></wp:comment_status>
		<wp:ping_status><![CDATA[closed]]></wp:ping_status>
		<wp:post_name><![CDATA[100]]></wp:post_name>
		<wp:status><![CDATA[publish]]></wp:status>
		<wp:post_parent>0</wp:post_parent>
		<wp:menu_order>3</wp:menu_order>
		<wp:post_type><![CDATA[nav_menu_item]]></wp:post_type>
		<wp:post_password><![CDATA[]]></wp:post_password>
		<wp:is_sticky>0</wp:is_sticky>
										<category domain="nav_menu" nicename="principal"><![CDATA[Principal]]></category>
						<wp:postmeta>
		<wp:meta_key><![CDATA[_menu_item_type]]></wp:meta_key>
		<wp:meta_value><![CDATA[post_type]]></wp:meta_value>
		</wp:postmeta>
							<wp:postmeta>
		<wp:meta_key><![CDATA[_menu_item_menu_item_parent]]></wp:meta_key>
		<wp:meta_value><![CDATA[0]]></wp:meta_value>
		</wp:postmeta>
							<wp:postmeta>
		<wp:meta_key><![CDATA[_menu_item_object_id]]></wp:meta_key>
		<wp:meta_value><![CDATA[91]]></wp:meta_value>
		</wp:postmeta>
							<wp:postmeta>
		<wp:meta_key><![CDATA[_menu_item_object]]></wp:meta_key>
		<wp:meta_value><![CDATA[page]]></wp:meta_value>
		</wp:postmeta>
							<wp:postmeta>
		<wp:meta_key><![CDATA[_menu_item_target]]></wp:meta_key>
		<wp:meta_value><![CDATA[]]></wp:meta_value>
		</wp:postmeta>
							<wp:postmeta>
		<wp:meta_key><![CDATA[_menu_item_classes]]></wp:meta_key>
		<wp:meta_value><![CDATA[a:1:{i:0;s:0:"";}]]></wp:meta_value>
		</wp:postmeta>
							<wp:postmeta>
		<wp:meta_key><![CDATA[_menu_item_xfn]]></wp:meta_key>
		<wp:meta_value><![CDATA[]]></wp:meta_value>
		</wp:postmeta>
							<wp:postmeta>
		<wp:meta_key><![CDATA[_menu_item_url]]></wp:meta_key>
		<wp:meta_value><![CDATA[]]></wp:meta_value>
		</wp:postmeta>
							<wp:postmeta>
		<wp:meta_key><![CDATA[_jp_nav_item_options]]></wp:meta_key>
		<wp:meta_value><![CDATA[a:5:{s:11:"avatar_size";s:2:"24";s:13:"redirect_type";s:7:"current";s:11:"which_users";s:9:"logged_in";s:7:"can_see";s:3:"yes";s:5:"roles";a:3:{i:0;s:13:"administrator";i:1;s:10:"um_cliente";s:0:"";s:10:"um_cliente";}}]]></wp:meta_value>
		</wp:postmeta>
							</item>
					<item>
		<title></title>
		<link>http://localhost/pgpi/2021/01/12/101/</link>
		<pubDate>Tue, 12 Jan 2021 11:58:21 +0000</pubDate>
		<dc:creator><![CDATA[pedcarmor]]></dc:creator>
		<guid isPermaLink="false">http://localhost/pgpi/?p=101</guid>
		<description></description>
		<content:encoded><![CDATA[ ]]></content:encoded>
		<excerpt:encoded><![CDATA[]]></excerpt:encoded>
		<wp:post_id>101</wp:post_id>
		<wp:post_date><![CDATA[2021-01-12 11:58:21]]></wp:post_date>
		<wp:post_date_gmt><![CDATA[2021-01-12 11:58:21]]></wp:post_date_gmt>
		<wp:comment_status><![CDATA[closed]]></wp:comment_status>
		<wp:ping_status><![CDATA[closed]]></wp:ping_status>
		<wp:post_name><![CDATA[101]]></wp:post_name>
		<wp:status><![CDATA[publish]]></wp:status>
		<wp:post_parent>0</wp:post_parent>
		<wp:menu_order>4</wp:menu_order>
		<wp:post_type><![CDATA[nav_menu_item]]></wp:post_type>
		<wp:post_password><![CDATA[]]></wp:post_password>
		<wp:is_sticky>0</wp:is_sticky>
										<category domain="nav_menu" nicename="principal"><![CDATA[Principal]]></category>
						<wp:postmeta>
		<wp:meta_key><![CDATA[_menu_item_type]]></wp:meta_key>
		<wp:meta_value><![CDATA[post_type]]></wp:meta_value>
		</wp:postmeta>
							<wp:postmeta>
		<wp:meta_key><![CDATA[_menu_item_menu_item_parent]]></wp:meta_key>
		<wp:meta_value><![CDATA[100]]></wp:meta_value>
		</wp:postmeta>
							<wp:postmeta>
		<wp:meta_key><![CDATA[_menu_item_object_id]]></wp:meta_key>
		<wp:meta_value><![CDATA[95]]></wp:meta_value>
		</wp:postmeta>
							<wp:postmeta>
		<wp:meta_key><![CDATA[_menu_item_object]]></wp:meta_key>
		<wp:meta_value><![CDATA[page]]></wp:meta_value>
		</wp:postmeta>
							<wp:postmeta>
		<wp:meta_key><![CDATA[_menu_item_target]]></wp:meta_key>
		<wp:meta_value><![CDATA[]]></wp:meta_value>
		</wp:postmeta>
							<wp:postmeta>
		<wp:meta_key><![CDATA[_menu_item_classes]]></wp:meta_key>
		<wp:meta_value><![CDATA[a:1:{i:0;s:0:"";}]]></wp:meta_value>
		</wp:postmeta>
							<wp:postmeta>
		<wp:meta_key><![CDATA[_menu_item_xfn]]></wp:meta_key>
		<wp:meta_value><![CDATA[]]></wp:meta_value>
		</wp:postmeta>
							<wp:postmeta>
		<wp:meta_key><![CDATA[_menu_item_url]]></wp:meta_key>
		<wp:meta_value><![CDATA[]]></wp:meta_value>
		</wp:postmeta>
							<wp:postmeta>
		<wp:meta_key><![CDATA[_jp_nav_item_options]]></wp:meta_key>
		<wp:meta_value><![CDATA[a:5:{s:11:"avatar_size";s:2:"24";s:13:"redirect_type";s:7:"current";s:11:"which_users";s:9:"logged_in";s:7:"can_see";s:3:"yes";s:5:"roles";a:3:{i:0;s:13:"administrator";i:1;s:10:"um_cliente";s:0:"";s:10:"um_cliente";}}]]></wp:meta_value>
		</wp:postmeta>
							</item>
					<item>
		<title></title>
		<link>http://localhost/pgpi/2021/01/12/102/</link>
		<pubDate>Tue, 12 Jan 2021 11:58:22 +0000</pubDate>
		<dc:creator><![CDATA[pedcarmor]]></dc:creator>
		<guid isPermaLink="false">http://localhost/pgpi/?p=102</guid>
		<description></description>
		<content:encoded><![CDATA[ ]]></content:encoded>
		<excerpt:encoded><![CDATA[]]></excerpt:encoded>
		<wp:post_id>102</wp:post_id>
		<wp:post_date><![CDATA[2021-01-12 11:58:22]]></wp:post_date>
		<wp:post_date_gmt><![CDATA[2021-01-12 11:58:22]]></wp:post_date_gmt>
		<wp:comment_status><![CDATA[closed]]></wp:comment_status>
		<wp:ping_status><![CDATA[closed]]></wp:ping_status>
		<wp:post_name><![CDATA[102]]></wp:post_name>
		<wp:status><![CDATA[publish]]></wp:status>
		<wp:post_parent>0</wp:post_parent>
		<wp:menu_order>5</wp:menu_order>
		<wp:post_type><![CDATA[nav_menu_item]]></wp:post_type>
		<wp:post_password><![CDATA[]]></wp:post_password>
		<wp:is_sticky>0</wp:is_sticky>
										<category domain="nav_menu" nicename="principal"><![CDATA[Principal]]></category>
						<wp:postmeta>
		<wp:meta_key><![CDATA[_menu_item_type]]></wp:meta_key>
		<wp:meta_value><![CDATA[post_type]]></wp:meta_value>
		</wp:postmeta>
							<wp:postmeta>
		<wp:meta_key><![CDATA[_menu_item_menu_item_parent]]></wp:meta_key>
		<wp:meta_value><![CDATA[100]]></wp:meta_value>
		</wp:postmeta>
							<wp:postmeta>
		<wp:meta_key><![CDATA[_menu_item_object_id]]></wp:meta_key>
		<wp:meta_value><![CDATA[97]]></wp:meta_value>
		</wp:postmeta>
							<wp:postmeta>
		<wp:meta_key><![CDATA[_menu_item_object]]></wp:meta_key>
		<wp:meta_value><![CDATA[page]]></wp:meta_value>
		</wp:postmeta>
							<wp:postmeta>
		<wp:meta_key><![CDATA[_menu_item_target]]></wp:meta_key>
		<wp:meta_value><![CDATA[]]></wp:meta_value>
		</wp:postmeta>
							<wp:postmeta>
		<wp:meta_key><![CDATA[_menu_item_classes]]></wp:meta_key>
		<wp:meta_value><![CDATA[a:1:{i:0;s:0:"";}]]></wp:meta_value>
		</wp:postmeta>
							<wp:postmeta>
		<wp:meta_key><![CDATA[_menu_item_xfn]]></wp:meta_key>
		<wp:meta_value><![CDATA[]]></wp:meta_value>
		</wp:postmeta>
							<wp:postmeta>
		<wp:meta_key><![CDATA[_menu_item_url]]></wp:meta_key>
		<wp:meta_value><![CDATA[]]></wp:meta_value>
		</wp:postmeta>
							<wp:postmeta>
		<wp:meta_key><![CDATA[_jp_nav_item_options]]></wp:meta_key>
		<wp:meta_value><![CDATA[a:5:{s:11:"avatar_size";s:2:"24";s:13:"redirect_type";s:7:"current";s:11:"which_users";s:9:"logged_in";s:7:"can_see";s:3:"yes";s:5:"roles";a:3:{i:0;s:13:"administrator";i:1;s:10:"um_cliente";s:0:"";s:10:"um_cliente";}}]]></wp:meta_value>
		</wp:postmeta>
							</item>
					<item>
		<title></title>
		<link>http://localhost/pgpi/?p=105</link>
		<pubDate></pubDate>
		<dc:creator><![CDATA[pedcarmor]]></dc:creator>
		<guid isPermaLink="false">http://localhost/pgpi/?p=105</guid>
		<description></description>
		<content:encoded><![CDATA[ ]]></content:encoded>
		<excerpt:encoded><![CDATA[]]></excerpt:encoded>
		<wp:post_id>105</wp:post_id>
		<wp:post_date><![CDATA[2021-01-12 11:57:18]]></wp:post_date>
		<wp:post_date_gmt><![CDATA[0000-00-00 00:00:00]]></wp:post_date_gmt>
		<wp:comment_status><![CDATA[closed]]></wp:comment_status>
		<wp:ping_status><![CDATA[closed]]></wp:ping_status>
		<wp:post_name><![CDATA[]]></wp:post_name>
		<wp:status><![CDATA[draft]]></wp:status>
		<wp:post_parent>0</wp:post_parent>
		<wp:menu_order>1</wp:menu_order>
		<wp:post_type><![CDATA[nav_menu_item]]></wp:post_type>
		<wp:post_password><![CDATA[]]></wp:post_password>
		<wp:is_sticky>0</wp:is_sticky>
														<wp:postmeta>
		<wp:meta_key><![CDATA[_menu_item_type]]></wp:meta_key>
		<wp:meta_value><![CDATA[post_type]]></wp:meta_value>
		</wp:postmeta>
							<wp:postmeta>
		<wp:meta_key><![CDATA[_menu_item_menu_item_parent]]></wp:meta_key>
		<wp:meta_value><![CDATA[0]]></wp:meta_value>
		</wp:postmeta>
							<wp:postmeta>
		<wp:meta_key><![CDATA[_menu_item_object_id]]></wp:meta_key>
		<wp:meta_value><![CDATA[10]]></wp:meta_value>
		</wp:postmeta>
							<wp:postmeta>
		<wp:meta_key><![CDATA[_menu_item_object]]></wp:meta_key>
		<wp:meta_value><![CDATA[page]]></wp:meta_value>
		</wp:postmeta>
							<wp:postmeta>
		<wp:meta_key><![CDATA[_menu_item_target]]></wp:meta_key>
		<wp:meta_value><![CDATA[]]></wp:meta_value>
		</wp:postmeta>
							<wp:postmeta>
		<wp:meta_key><![CDATA[_menu_item_classes]]></wp:meta_key>
		<wp:meta_value><![CDATA[a:1:{i:0;s:0:"";}]]></wp:meta_value>
		</wp:postmeta>
							<wp:postmeta>
		<wp:meta_key><![CDATA[_menu_item_xfn]]></wp:meta_key>
		<wp:meta_value><![CDATA[]]></wp:meta_value>
		</wp:postmeta>
							<wp:postmeta>
		<wp:meta_key><![CDATA[_menu_item_url]]></wp:meta_key>
		<wp:meta_value><![CDATA[]]></wp:meta_value>
		</wp:postmeta>
							<wp:postmeta>
		<wp:meta_key><![CDATA[_menu_item_orphaned]]></wp:meta_key>
		<wp:meta_value><![CDATA[1610452639]]></wp:meta_value>
		</wp:postmeta>
							</item>
					<item>
		<title></title>
		<link>http://localhost/pgpi/2021/01/12/106/</link>
		<pubDate>Tue, 12 Jan 2021 11:58:24 +0000</pubDate>
		<dc:creator><![CDATA[pedcarmor]]></dc:creator>
		<guid isPermaLink="false">http://localhost/pgpi/?p=106</guid>
		<description></description>
		<content:encoded><![CDATA[ ]]></content:encoded>
		<excerpt:encoded><![CDATA[]]></excerpt:encoded>
		<wp:post_id>106</wp:post_id>
		<wp:post_date><![CDATA[2021-01-12 11:58:24]]></wp:post_date>
		<wp:post_date_gmt><![CDATA[2021-01-12 11:58:24]]></wp:post_date_gmt>
		<wp:comment_status><![CDATA[closed]]></wp:comment_status>
		<wp:ping_status><![CDATA[closed]]></wp:ping_status>
		<wp:post_name><![CDATA[106]]></wp:post_name>
		<wp:status><![CDATA[publish]]></wp:status>
		<wp:post_parent>0</wp:post_parent>
		<wp:menu_order>6</wp:menu_order>
		<wp:post_type><![CDATA[nav_menu_item]]></wp:post_type>
		<wp:post_password><![CDATA[]]></wp:post_password>
		<wp:is_sticky>0</wp:is_sticky>
										<category domain="nav_menu" nicename="principal"><![CDATA[Principal]]></category>
						<wp:postmeta>
		<wp:meta_key><![CDATA[_menu_item_type]]></wp:meta_key>
		<wp:meta_value><![CDATA[post_type]]></wp:meta_value>
		</wp:postmeta>
							<wp:postmeta>
		<wp:meta_key><![CDATA[_menu_item_menu_item_parent]]></wp:meta_key>
		<wp:meta_value><![CDATA[0]]></wp:meta_value>
		</wp:postmeta>
							<wp:postmeta>
		<wp:meta_key><![CDATA[_menu_item_object_id]]></wp:meta_key>
		<wp:meta_value><![CDATA[10]]></wp:meta_value>
		</wp:postmeta>
							<wp:postmeta>
		<wp:meta_key><![CDATA[_menu_item_object]]></wp:meta_key>
		<wp:meta_value><![CDATA[page]]></wp:meta_value>
		</wp:postmeta>
							<wp:postmeta>
		<wp:meta_key><![CDATA[_menu_item_target]]></wp:meta_key>
		<wp:meta_value><![CDATA[]]></wp:meta_value>
		</wp:postmeta>
							<wp:postmeta>
		<wp:meta_key><![CDATA[_menu_item_classes]]></wp:meta_key>
		<wp:meta_value><![CDATA[a:1:{i:0;s:0:"";}]]></wp:meta_value>
		</wp:postmeta>
							<wp:postmeta>
		<wp:meta_key><![CDATA[_menu_item_xfn]]></wp:meta_key>
		<wp:meta_value><![CDATA[]]></wp:meta_value>
		</wp:postmeta>
							<wp:postmeta>
		<wp:meta_key><![CDATA[_menu_item_url]]></wp:meta_key>
		<wp:meta_value><![CDATA[]]></wp:meta_value>
		</wp:postmeta>
							<wp:postmeta>
		<wp:meta_key><![CDATA[_jp_nav_item_options]]></wp:meta_key>
		<wp:meta_value><![CDATA[a:5:{s:11:"avatar_size";s:2:"24";s:13:"redirect_type";s:7:"current";s:11:"which_users";s:9:"logged_in";s:7:"can_see";s:3:"yes";s:5:"roles";a:3:{i:0;s:13:"administrator";i:1;s:10:"um_cliente";s:0:"";s:10:"um_cliente";}}]]></wp:meta_value>
		</wp:postmeta>
							</item>
					<item>
		<title>Default Registration</title>
		<link>http://localhost/pgpi/um_form/default-registration/</link>
		<pubDate>Tue, 12 Jan 2021 11:49:59 +0000</pubDate>
		<dc:creator><![CDATA[pedcarmor]]></dc:creator>
		<guid isPermaLink="false">http://localhost/pgpi/um_form/default-registration/</guid>
		<description></description>
		<content:encoded><![CDATA[]]></content:encoded>
		<excerpt:encoded><![CDATA[]]></excerpt:encoded>
		<wp:post_id>87</wp:post_id>
		<wp:post_date><![CDATA[2021-01-12 11:49:59]]></wp:post_date>
		<wp:post_date_gmt><![CDATA[2021-01-12 11:49:59]]></wp:post_date_gmt>
		<wp:comment_status><![CDATA[closed]]></wp:comment_status>
		<wp:ping_status><![CDATA[closed]]></wp:ping_status>
		<wp:post_name><![CDATA[default-registration]]></wp:post_name>
		<wp:status><![CDATA[publish]]></wp:status>
		<wp:post_parent>0</wp:post_parent>
		<wp:menu_order>0</wp:menu_order>
		<wp:post_type><![CDATA[um_form]]></wp:post_type>
		<wp:post_password><![CDATA[]]></wp:post_password>
		<wp:is_sticky>0</wp:is_sticky>
														<wp:postmeta>
		<wp:meta_key><![CDATA[_um_custom_fields]]></wp:meta_key>
		<wp:meta_value><![CDATA[a:6:{s:10:"user_login";a:15:{s:5:"title";s:8:"Username";s:7:"metakey";s:10:"user_login";s:4:"type";s:4:"text";s:5:"label";s:8:"Username";s:8:"required";i:1;s:6:"public";i:1;s:8:"editable";i:0;s:8:"validate";s:15:"unique_username";s:9:"min_chars";i:3;s:9:"max_chars";i:24;s:8:"position";s:1:"1";s:6:"in_row";s:9:"_um_row_1";s:10:"in_sub_row";s:1:"0";s:9:"in_column";s:1:"1";s:8:"in_group";s:0:"";}s:10:"user_email";a:13:{s:5:"title";s:14:"E-mail Address";s:7:"metakey";s:10:"user_email";s:4:"type";s:4:"text";s:5:"label";s:14:"E-mail Address";s:8:"required";i:0;s:6:"public";i:1;s:8:"editable";i:1;s:8:"validate";s:12:"unique_email";s:8:"position";s:1:"4";s:6:"in_row";s:9:"_um_row_1";s:10:"in_sub_row";s:1:"0";s:9:"in_column";s:1:"1";s:8:"in_group";s:0:"";}s:13:"user_password";a:16:{s:5:"title";s:8:"Password";s:7:"metakey";s:13:"user_password";s:4:"type";s:8:"password";s:5:"label";s:8:"Password";s:8:"required";i:1;s:6:"public";i:1;s:8:"editable";i:1;s:9:"min_chars";i:8;s:9:"max_chars";i:30;s:15:"force_good_pass";i:1;s:18:"force_confirm_pass";i:1;s:8:"position";s:1:"5";s:6:"in_row";s:9:"_um_row_1";s:10:"in_sub_row";s:1:"0";s:9:"in_column";s:1:"1";s:8:"in_group";s:0:"";}s:10:"first_name";a:12:{s:5:"title";s:10:"First Name";s:7:"metakey";s:10:"first_name";s:4:"type";s:4:"text";s:5:"label";s:10:"First Name";s:8:"required";i:0;s:6:"public";i:1;s:8:"editable";i:1;s:8:"position";s:1:"2";s:6:"in_row";s:9:"_um_row_1";s:10:"in_sub_row";s:1:"0";s:9:"in_column";s:1:"1";s:8:"in_group";s:0:"";}s:9:"last_name";a:12:{s:5:"title";s:9:"Last Name";s:7:"metakey";s:9:"last_name";s:4:"type";s:4:"text";s:5:"label";s:9:"Last Name";s:8:"required";i:0;s:6:"public";i:1;s:8:"editable";i:1;s:8:"position";s:1:"3";s:6:"in_row";s:9:"_um_row_1";s:10:"in_sub_row";s:1:"0";s:9:"in_column";s:1:"1";s:8:"in_group";s:0:"";}s:9:"_um_row_1";a:4:{s:4:"type";s:3:"row";s:2:"id";s:9:"_um_row_1";s:8:"sub_rows";s:1:"1";s:4:"cols";s:1:"1";}}]]></wp:meta_value>
		</wp:postmeta>
							<wp:postmeta>
		<wp:meta_key><![CDATA[_um_mode]]></wp:meta_key>
		<wp:meta_value><![CDATA[register]]></wp:meta_value>
		</wp:postmeta>
							<wp:postmeta>
		<wp:meta_key><![CDATA[_um_core]]></wp:meta_key>
		<wp:meta_value><![CDATA[register]]></wp:meta_value>
		</wp:postmeta>
							<wp:postmeta>
		<wp:meta_key><![CDATA[_um_register_use_custom_settings]]></wp:meta_key>
		<wp:meta_value><![CDATA[0]]></wp:meta_value>
		</wp:postmeta>
							</item>
					<item>
		<title>Default Login</title>
		<link>http://localhost/pgpi/um_form/default-login/</link>
		<pubDate>Tue, 12 Jan 2021 11:50:00 +0000</pubDate>
		<dc:creator><![CDATA[pedcarmor]]></dc:creator>
		<guid isPermaLink="false">http://localhost/pgpi/um_form/default-login/</guid>
		<description></description>
		<content:encoded><![CDATA[]]></content:encoded>
		<excerpt:encoded><![CDATA[]]></excerpt:encoded>
		<wp:post_id>88</wp:post_id>
		<wp:post_date><![CDATA[2021-01-12 11:50:00]]></wp:post_date>
		<wp:post_date_gmt><![CDATA[2021-01-12 11:50:00]]></wp:post_date_gmt>
		<wp:comment_status><![CDATA[closed]]></wp:comment_status>
		<wp:ping_status><![CDATA[closed]]></wp:ping_status>
		<wp:post_name><![CDATA[default-login]]></wp:post_name>
		<wp:status><![CDATA[publish]]></wp:status>
		<wp:post_parent>0</wp:post_parent>
		<wp:menu_order>0</wp:menu_order>
		<wp:post_type><![CDATA[um_form]]></wp:post_type>
		<wp:post_password><![CDATA[]]></wp:post_password>
		<wp:is_sticky>0</wp:is_sticky>
														<wp:postmeta>
		<wp:meta_key><![CDATA[_um_custom_fields]]></wp:meta_key>
		<wp:meta_value><![CDATA[a:3:{s:8:"username";a:13:{s:5:"title";s:18:"Username or E-mail";s:7:"metakey";s:8:"username";s:4:"type";s:4:"text";s:5:"label";s:18:"Username or E-mail";s:8:"required";i:1;s:6:"public";i:1;s:8:"editable";i:0;s:8:"validate";s:24:"unique_username_or_email";s:8:"position";s:1:"1";s:6:"in_row";s:9:"_um_row_1";s:10:"in_sub_row";s:1:"0";s:9:"in_column";s:1:"1";s:8:"in_group";s:0:"";}s:13:"user_password";a:16:{s:5:"title";s:8:"Password";s:7:"metakey";s:13:"user_password";s:4:"type";s:8:"password";s:5:"label";s:8:"Password";s:8:"required";i:1;s:6:"public";i:1;s:8:"editable";i:1;s:9:"min_chars";i:8;s:9:"max_chars";i:30;s:15:"force_good_pass";i:1;s:18:"force_confirm_pass";i:1;s:8:"position";s:1:"2";s:6:"in_row";s:9:"_um_row_1";s:10:"in_sub_row";s:1:"0";s:9:"in_column";s:1:"1";s:8:"in_group";s:0:"";}s:9:"_um_row_1";a:5:{s:4:"type";s:3:"row";s:2:"id";s:9:"_um_row_1";s:8:"sub_rows";s:1:"1";s:4:"cols";s:1:"1";s:6:"origin";s:9:"_um_row_1";}}]]></wp:meta_value>
		</wp:postmeta>
							<wp:postmeta>
		<wp:meta_key><![CDATA[_um_mode]]></wp:meta_key>
		<wp:meta_value><![CDATA[login]]></wp:meta_value>
		</wp:postmeta>
							<wp:postmeta>
		<wp:meta_key><![CDATA[_um_core]]></wp:meta_key>
		<wp:meta_value><![CDATA[login]]></wp:meta_value>
		</wp:postmeta>
							<wp:postmeta>
		<wp:meta_key><![CDATA[_um_login_use_custom_settings]]></wp:meta_key>
		<wp:meta_value><![CDATA[0]]></wp:meta_value>
		</wp:postmeta>
							</item>
					<item>
		<title>Default Profile</title>
		<link>http://localhost/pgpi/um_form/default-profile/</link>
		<pubDate>Tue, 12 Jan 2021 11:50:00 +0000</pubDate>
		<dc:creator><![CDATA[pedcarmor]]></dc:creator>
		<guid isPermaLink="false">http://localhost/pgpi/um_form/default-profile/</guid>
		<description></description>
		<content:encoded><![CDATA[]]></content:encoded>
		<excerpt:encoded><![CDATA[]]></excerpt:encoded>
		<wp:post_id>89</wp:post_id>
		<wp:post_date><![CDATA[2021-01-12 11:50:00]]></wp:post_date>
		<wp:post_date_gmt><![CDATA[2021-01-12 11:50:00]]></wp:post_date_gmt>
		<wp:comment_status><![CDATA[closed]]></wp:comment_status>
		<wp:ping_status><![CDATA[closed]]></wp:ping_status>
		<wp:post_name><![CDATA[default-profile]]></wp:post_name>
		<wp:status><![CDATA[publish]]></wp:status>
		<wp:post_parent>0</wp:post_parent>
		<wp:menu_order>0</wp:menu_order>
		<wp:post_type><![CDATA[um_form]]></wp:post_type>
		<wp:post_password><![CDATA[]]></wp:post_password>
		<wp:is_sticky>0</wp:is_sticky>
														<wp:postmeta>
		<wp:meta_key><![CDATA[_um_custom_fields]]></wp:meta_key>
		<wp:meta_value><![CDATA[a:1:{s:9:"_um_row_1";a:4:{s:4:"type";s:3:"row";s:2:"id";s:9:"_um_row_1";s:8:"sub_rows";s:1:"1";s:4:"cols";s:1:"1";}}]]></wp:meta_value>
		</wp:postmeta>
							<wp:postmeta>
		<wp:meta_key><![CDATA[_um_mode]]></wp:meta_key>
		<wp:meta_value><![CDATA[profile]]></wp:meta_value>
		</wp:postmeta>
							<wp:postmeta>
		<wp:meta_key><![CDATA[_um_core]]></wp:meta_key>
		<wp:meta_value><![CDATA[profile]]></wp:meta_value>
		</wp:postmeta>
							<wp:postmeta>
		<wp:meta_key><![CDATA[_um_profile_use_custom_settings]]></wp:meta_key>
		<wp:meta_value><![CDATA[0]]></wp:meta_value>
		</wp:postmeta>
							</item>
				</channel>
</rss>
	